<resources>
    <string name="app_name">LogIn App</string>
    <string name="login_instruction">LOG IN PAGE</string>
    <string name="username_hint">Username</string>
    <string name="password_hint">Password</string>
    <string name="login_button_text">Log In</string>
    <string name="register_button">Register</string>
    <string name="attempt_counter_text">Attempts remaining :</string>
    <string name="register_instructions">Enter details to register:</string>
    <string name="register_username">Username</string>
    <string name="register_password">Password</string>
    <string name="confirm_password">Confirm password</string>
</resources>
